Latitude,Longitude,City,Country,Max Temp,Humidity,Wind Speed,Cloudiness,Date
-6.22,-57.75,jacareacanga,br,97.79,34.0,3.67,47.0,1601221698.0
-10.45,161.92,kirakira,sb,79.39,82.0,12.64,100.0,1601221698.0
-54.8,-68.3,ushuaia,ar,41.0,65.0,16.11,75.0,1601221699.0
64.25,-15.21,hofn,is,48.2,93.0,13.87,90.0,1601221699.0
-20.33,-40.29,vila velha,br,89.6,46.0,13.87,0.0,1601221478.0
25.23,77.6,kolaras,in,77.68,70.0,4.09,0.0,1601221699.0
55.68,76.75,vengerovo,ru,43.88,83.0,3.58,7.0,1601221700.0
71.92,114.08,saskylakh,ru,37.62,88.0,9.69,94.0,1601221700.0
-23.12,-134.97,rikitea,pf,74.01,83.0,12.17,21.0,1601221700.0
41.37,-73.41,bethel,us,72.0,78.0,5.82,90.0,1601221605.0
41.12,-88.84,streator,us,73.0,73.0,10.29,1.0,1601221701.0
54.23,-125.75,burns lake,ca,38.03,91.0,6.31,100.0,1601221478.0
-20.41,57.7,mahebourg,mu,71.6,83.0,11.41,75.0,1601221612.0
18.8,110.4,wanning,cn,81.05,86.0,2.08,100.0,1601221701.0
-33.65,115.33,busselton,au,57.0,81.0,8.46,100.0,1601221592.0
-46.6,168.33,bluff,nz,33.01,93.0,14.0,93.0,1601221702.0
-38.0,-57.56,mar del plata,ar,54.0,100.0,11.41,90.0,1601221700.0
-29.95,-71.34,coquimbo,cl,59.0,67.0,11.41,0.0,1601221569.0
-35.17,173.17,ahipara,nz,56.57,80.0,16.31,12.0,1601221703.0
70.47,-68.59,clyde river,ca,30.2,92.0,8.05,90.0,1601221703.0
-21.2,-175.2,vaini,to,73.4,78.0,5.82,75.0,1601221703.0
28.37,129.48,naze,jp,77.0,73.0,6.93,73.0,1601221703.0
22.57,59.53,sur,om,83.32,53.0,3.96,34.0,1601221704.0
10.52,7.44,kaduna,ng,80.89,67.0,4.99,50.0,1601221704.0
-13.88,167.55,sola,vu,79.61,81.0,17.76,12.0,1601221705.0
-33.93,18.42,cape town,za,61.0,58.0,6.93,20.0,1601221637.0
-22.27,28.75,mathathane,bw,82.8,29.0,12.5,0.0,1601221705.0
-16.52,-151.75,vaitape,pf,79.5,76.0,14.67,24.0,1601221705.0
-0.6,73.08,hithadhoo,mv,83.12,66.0,3.11,54.0,1601221706.0
69.7,170.31,pevek,ru,32.92,92.0,20.74,67.0,1601221706.0
17.2,-25.09,ponta do sol,cv,89.6,66.0,20.8,75.0,1601221706.0
-6.84,-79.93,pimentel,pe,68.0,68.0,3.36,90.0,1601221707.0
-22.97,-42.03,arraial do cabo,br,93.2,55.0,5.82,100.0,1601221603.0
63.44,-20.27,vestmannaeyjar,is,50.0,93.0,11.41,90.0,1601221530.0
63.05,179.32,beringovskiy,ru,33.62,86.0,11.18,6.0,1601221707.0
50.72,136.63,solnechnyy,ru,46.22,83.0,4.56,16.0,1601221708.0
17.49,44.13,najran,sa,89.6,14.0,6.93,45.0,1601221708.0
59.06,80.86,kargasok,ru,43.83,91.0,8.03,65.0,1601221708.0
67.45,153.68,srednekolymsk,ru,42.48,63.0,9.01,100.0,1601221708.0
50.41,80.23,semey,kz,47.88,58.0,10.56,91.0,1601221709.0
-53.15,-70.92,punta arenas,cl,42.8,81.0,14.99,90.0,1601221538.0
14.9,-24.5,sao filipe,cv,80.98,81.0,8.23,45.0,1601221709.0
12.48,123.38,puro,ph,81.3,78.0,3.47,40.0,1601221709.0
22.89,-109.91,cabo san lucas,mx,84.0,83.0,3.36,5.0,1601221608.0
4.88,-1.76,takoradi,gh,77.9,85.0,11.83,64.0,1601221710.0
-31.67,116.67,northam,au,54.0,93.0,4.7,88.0,1601221710.0
28.48,-16.41,tacoronte,es,73.0,77.0,24.16,75.0,1601221498.0
10.57,72.64,kavaratti,in,82.02,79.0,11.61,35.0,1601221711.0
35.13,140.3,katsuura,jp,68.0,94.0,2.24,40.0,1601221711.0
-36.62,-64.28,santa rosa,ar,67.71,43.0,16.44,44.0,1601221711.0
-46.13,167.68,tuatapere,nz,33.01,93.0,14.0,80.0,1601221635.0
-9.8,-139.03,atuona,pf,77.76,74.0,15.95,5.0,1601221712.0
60.92,-46.05,narsaq,gl,41.0,41.0,5.82,20.0,1601221712.0
-5.55,150.14,kimbe,pg,75.79,87.0,4.43,67.0,1601221713.0
19.73,-155.09,hilo,us,69.8,73.0,6.93,1.0,1601221713.0
-4.62,55.45,victoria,sc,80.6,83.0,11.41,40.0,1601221713.0
-42.78,147.06,new norfolk,au,46.99,72.0,1.99,11.0,1601221605.0
-35.02,117.89,albany,au,55.4,93.0,5.82,75.0,1601221714.0
-43.3,-65.1,rawson,ar,58.6,36.0,10.76,0.0,1601221714.0
-34.53,20.04,bredasdorp,za,59.0,51.0,11.41,50.0,1601221715.0
-33.59,26.89,port alfred,za,57.92,61.0,14.36,0.0,1601221715.0
48.75,-79.0,macamic,ca,64.4,88.0,18.34,90.0,1601221715.0
71.97,102.5,khatanga,ru,32.74,91.0,15.59,84.0,1601221716.0
-20.23,164.02,poum,nc,75.04,83.0,12.24,71.0,1601221716.0
11.28,-15.83,bubaque,gw,81.81,75.0,9.37,61.0,1601221716.0
20.7,-105.2,ixtapa,mx,84.99,78.0,1.52,40.0,1601221716.0
3.07,172.79,butaritari,ki,81.95,79.0,13.24,83.0,1601221622.0
-0.74,-90.35,puerto ayora,ec,70.0,86.0,8.99,99.0,1601221244.0
-2.65,10.0,gamba,ga,76.66,74.0,10.6,41.0,1601221244.0
14.92,-23.51,praia,cv,86.0,70.0,8.05,20.0,1601221224.0
-28.65,153.62,byron bay,au,53.6,81.0,5.82,75.0,1601221245.0
-39.93,175.57,hunterville,nz,48.99,85.0,10.0,99.0,1601221245.0
-12.74,-60.15,vilhena,br,84.2,54.0,9.17,3.0,1601221246.0
28.12,-16.73,adeje,es,80.6,54.0,27.51,20.0,1601221246.0
-15.94,-5.72,jamestown,sh,61.43,89.0,21.45,61.0,1601220975.0
65.28,-126.83,norman wells,ca,41.0,86.0,2.24,75.0,1601221246.0
61.99,-49.67,paamiut,gl,38.1,77.0,16.98,42.0,1601221247.0
37.15,122.38,yatou,cn,62.4,82.0,4.41,0.0,1601221247.0
32.38,-64.68,saint george,bm,80.6,78.0,13.87,75.0,1601221247.0
20.52,-13.05,atar,mr,101.93,14.0,12.84,17.0,1601221247.0
-45.87,-67.5,comodoro rivadavia,ar,62.6,39.0,6.93,0.0,1601221248.0
28.38,-113.35,santa isabel,mx,82.04,29.0,2.42,0.0,1601221248.0
41.29,69.68,parkent,uz,64.4,36.0,4.7,97.0,1601221248.0
3.75,8.78,malabo,gq,80.6,83.0,13.87,40.0,1601221038.0
22.08,-159.32,kapaa,us,78.8,78.0,10.29,20.0,1601221249.0
64.89,-23.71,olafsvik,is,45.79,80.0,7.29,100.0,1601221249.0
-20.34,57.76,bambous virieux,mu,73.99,83.0,11.41,75.0,1601221249.0
15.85,-97.07,puerto escondido,mx,75.2,64.0,4.7,90.0,1601221250.0
-36.31,-57.68,dolores,ar,58.62,88.0,11.86,100.0,1601221250.0
-33.01,17.94,saldanha,za,60.8,48.0,10.29,53.0,1601221250.0
62.46,-114.35,yellowknife,ca,43.0,93.0,6.93,90.0,1601221119.0
-22.28,166.46,noumea,nc,69.8,94.0,2.24,90.0,1601221251.0
-41.75,171.6,westport,nz,45.91,67.0,21.14,100.0,1601221251.0
-14.8,36.54,cuamba,mz,86.81,28.0,7.25,68.0,1601221252.0
20.28,82.77,kharhial,in,78.31,69.0,2.08,25.0,1601221252.0
17.08,122.42,dicabisagan,ph,79.7,83.0,2.91,99.0,1601221252.0
1.24,111.46,sri aman,my,75.2,94.0,1.12,100.0,1601221060.0
24.7,-77.77,andros town,bs,86.0,70.0,4.7,40.0,1601221253.0
47.67,-52.73,torbay,ca,68.0,63.0,24.16,75.0,1601221253.0
4.31,-74.3,pasca,co,64.4,55.0,2.24,40.0,1601221253.0
71.29,-156.79,barrow,us,32.0,96.0,8.05,90.0,1601221254.0
50.1,-108.48,gull lake,ca,44.6,56.0,17.22,1.0,1601221254.0
25.75,-1.0,adrar,dz,107.91,7.0,9.93,54.0,1601221254.0
-9.66,20.39,saurimo,ao,86.13,30.0,3.47,33.0,1601221255.0
39.05,-27.98,lagoa,pt,71.19,86.0,7.38,0.0,1601221255.0
7.41,99.52,kantang,th,78.8,84.0,3.04,100.0,1601221255.0
64.38,-173.3,provideniya,ru,31.87,92.0,8.97,89.0,1601221255.0
67.8,130.41,batagay-alyta,ru,32.29,95.0,1.05,100.0,1601221256.0
-34.42,19.23,hermanus,za,59.0,56.0,5.01,19.0,1601221256.0
6.88,73.1,dhidhdhoo,mv,82.29,77.0,8.19,4.0,1601221007.0
48.5,-1.83,saint-malo,fr,59.0,67.0,19.46,90.0,1601221257.0
-22.09,-70.2,tocopilla,cl,65.88,52.0,10.02,17.0,1601221257.0
23.99,-104.67,constitucion,mx,69.01,63.0,2.01,5.0,1601221257.0
62.23,-6.59,klaksvik,fo,48.2,81.0,19.46,100.0,1601221258.0
57.79,-152.41,kodiak,us,48.2,87.0,29.97,90.0,1601221115.0
55.74,-97.86,thompson,ca,42.8,93.0,10.29,90.0,1601221258.0
13.6,26.69,umm kaddadah,sd,91.2,39.0,3.04,47.0,1601221259.0
68.22,-135.01,aklavik,ca,32.0,97.0,3.69,75.0,1601221259.0
19.22,-104.7,san patricio,mx,86.0,74.0,2.33,20.0,1601221259.0
59.38,143.3,okhotsk,ru,50.36,87.0,14.92,84.0,1601221259.0
-46.28,169.85,kaitangata,nz,35.01,76.0,5.99,63.0,1601221260.0
68.05,166.44,bilibino,ru,26.82,94.0,2.59,36.0,1601221260.0
54.77,-101.86,flin flon,ca,44.6,75.0,13.87,90.0,1601221260.0
60.42,134.53,ust-maya,ru,53.26,79.0,7.34,100.0,1601221261.0
22.07,76.5,mundi,in,76.66,82.0,5.21,35.0,1601221261.0
5.35,-0.62,winneba,gh,77.99,83.0,13.09,88.0,1601221261.0
-20.52,57.52,souillac,mu,71.6,83.0,11.41,75.0,1601221262.0
69.45,-133.04,tuktoyaktuk,ca,35.6,100.0,9.17,75.0,1601221262.0
-6.34,-47.4,porto franco,br,97.93,29.0,6.22,34.0,1601221138.0
24.02,92.9,darlawn,in,68.07,100.0,1.74,99.0,1601221263.0
-30.18,-50.21,cidreira,br,68.88,87.0,5.48,100.0,1601221081.0
46.39,48.02,solyanka,ru,57.2,47.0,11.18,0.0,1601221263.0
60.73,56.72,nyrob,ru,48.25,92.0,3.33,65.0,1601221264.0
61.67,96.37,baykit,ru,44.51,82.0,6.02,99.0,1601221264.0
69.38,178.42,leningradskiy,ru,26.83,90.0,6.87,0.0,1601221264.0
32.38,15.09,misratah,ly,80.1,75.0,19.93,62.0,1601221265.0
-34.73,135.87,port lincoln,au,55.85,80.0,15.03,52.0,1601221265.0
-2.02,147.27,lorengau,pg,81.07,80.0,7.49,38.0,1601221265.0
4.75,11.23,bafia,cm,72.03,92.0,1.63,100.0,1601221266.0
9.54,99.94,ko samui,th,77.0,88.0,9.17,20.0,1601221266.0
73.51,80.55,dikson,ru,36.72,79.0,24.09,100.0,1601221266.0
54.94,20.15,svetlogorsk,ru,71.6,60.0,15.66,100.0,1601221266.0
71.69,128.87,tiksi,ru,41.52,89.0,5.73,100.0,1601221267.0
57.05,-135.33,sitka,us,51.8,71.0,23.04,90.0,1601221267.0
70.63,147.92,chokurdakh,ru,40.08,72.0,3.94,100.0,1601221267.0
60.57,27.2,hamina,fi,66.2,63.0,10.29,0.0,1601221268.0
2.67,72.89,kudahuvadhoo,mv,83.59,65.0,2.1,42.0,1601221268.0
41.64,-80.15,meadville,us,71.01,82.0,11.41,90.0,1601221268.0
8.08,22.4,ouadda,cf,75.18,88.0,3.78,82.0,1601221268.0
-15.77,128.73,kununurra,au,78.8,94.0,3.36,100.0,1601221249.0
7.45,126.58,baculin,ph,79.99,74.0,3.13,72.0,1601221269.0
66.56,67.8,aksarka,ru,44.35,68.0,10.65,64.0,1601221269.0
51.1,66.32,derzhavinsk,kz,48.52,54.0,5.44,45.0,1601221270.0
-42.47,-73.77,castro,cl,57.99,65.0,3.0,63.0,1601221270.0
3.87,17.99,mbaiki,cf,75.85,90.0,1.07,100.0,1601221270.0
4.87,-2.24,axim,gh,79.3,79.0,12.82,32.0,1601221271.0
13.22,-59.52,bathsheba,bb,80.6,78.0,19.46,75.0,1601221271.0
33.08,-16.33,camacha,pt,73.4,64.0,14.99,40.0,1601221271.0
-20.73,139.5,mount isa,au,73.4,18.0,9.17,0.0,1601221272.0
32.29,-64.78,hamilton,bm,80.6,78.0,13.87,75.0,1601220997.0
-3.8,102.27,bengkulu,id,76.39,85.0,5.1,67.0,1601221272.0
-10.27,40.18,mtwara,tz,78.8,78.0,11.41,40.0,1601221272.0
-33.7,-53.46,chuy,uy,66.52,92.0,5.3,100.0,1601221273.0
53.45,108.98,ust-barguzin,ru,41.85,68.0,3.29,10.0,1601221273.0
-0.9,-89.62,san cristobal,ec,69.8,88.0,14.99,90.0,1601221274.0
6.12,81.12,hambantota,lk,80.6,94.0,8.05,75.0,1601221274.0
10.93,108.1,phan thiet,vn,77.05,86.0,3.22,100.0,1601221274.0
40.8,-74.31,livingston,us,75.99,78.0,5.5,90.0,1601221275.0
39.41,-74.36,brigantine,us,73.0,83.0,6.93,90.0,1601221275.0
64.86,-147.8,college,us,37.99,91.0,8.05,20.0,1601221275.0
33.58,-96.18,bonham,us,78.01,83.0,16.11,90.0,1601221243.0
1.49,124.85,manado,id,77.0,88.0,1.12,20.0,1601221254.0
-25.24,130.99,yulara,au,78.8,12.0,14.99,40.0,1601221276.0
-16.25,-71.68,yura,pe,64.4,23.0,10.29,0.0,1601221276.0
59.27,32.85,kholm,ru,60.91,65.0,7.38,45.0,1601221277.0
-13.7,-76.22,pisco,pe,66.2,72.0,8.05,0.0,1601221277.0
17.02,54.09,salalah,om,78.8,88.0,6.93,100.0,1601221277.0
-33.02,27.91,east london,za,59.0,58.0,19.46,20.0,1601221278.0
18.69,12.92,bilma,ne,101.21,10.0,10.47,100.0,1601221278.0
28.82,115.43,ganzhou,cn,65.52,88.0,1.97,71.0,1601221278.0
40.8,-124.16,eureka,us,55.99,97.0,5.66,0.0,1601221279.0
7.07,37.7,areka,et,63.79,83.0,1.7,97.0,1601221279.0
64.18,-51.72,nuuk,gl,33.8,79.0,4.7,75.0,1601221279.0
77.48,-69.36,qaanaaq,gl,13.82,78.0,6.71,0.0,1601221280.0
44.81,-68.91,hermon,us,75.99,77.0,13.87,20.0,1601221280.0
11.18,40.02,bati,et,74.46,49.0,5.5,53.0,1601221280.0
-25.4,-70.48,taltal,cl,62.65,55.0,7.02,1.0,1601221281.0
-33.87,121.9,esperance,au,55.4,100.0,8.05,40.0,1601221082.0
43.98,46.7,komsomolskiy,ru,61.92,56.0,15.57,8.0,1601221281.0
63.84,-22.43,grindavik,is,46.4,93.0,14.99,90.0,1601221281.0
14.69,-17.44,dakar,sn,87.8,70.0,6.93,40.0,1601221282.0
-25.17,46.08,ambovombe,mg,72.28,70.0,9.13,0.0,1601221282.0
63.73,8.83,sistranda,no,60.8,63.0,18.34,0.0,1601221282.0
31.26,32.28,port said,eg,81.91,69.0,19.73,0.0,1601221283.0
54.12,-9.17,ballina,ie,59.0,82.0,8.05,75.0,1601221283.0
44.16,133.27,arsenyev,ru,45.66,82.0,2.33,0.0,1601221283.0
-34.0,24.73,kruisfontein,za,57.99,56.0,5.99,1.0,1601221283.0
61.95,159.23,evensk,ru,44.56,86.0,7.14,81.0,1601221284.0
56.09,63.63,shadrinsk,ru,50.32,85.0,6.04,9.0,1601221284.0
-41.41,175.52,waipawa,nz,53.6,66.0,9.17,36.0,1601221285.0
-34.58,150.86,flinders,au,50.0,75.0,1.01,94.0,1601221285.0
59.24,163.07,ossora,ru,38.57,76.0,3.4,0.0,1601221285.0
-0.95,100.35,padang,id,79.05,67.0,3.18,100.0,1601221286.0
65.58,-171.0,lavrentiya,ru,32.7,93.0,10.98,86.0,1601221286.0
53.08,85.67,tselinnoye,ru,39.92,89.0,5.84,46.0,1601221286.0
-33.92,25.57,port elizabeth,za,57.2,58.0,16.11,7.0,1601221149.0
59.92,16.61,sala,se,55.4,87.0,16.11,69.0,1601221077.0
53.87,44.86,issa,ru,52.81,52.0,10.07,0.0,1601221287.0
26.12,127.67,itoman,jp,78.8,69.0,6.93,75.0,1601221287.0
66.32,-179.17,egvekinot,ru,27.5,91.0,5.99,0.0,1601221287.0
4.14,96.13,meulaboh,id,78.64,81.0,4.07,100.0,1601221288.0
-42.88,147.33,hobart,au,46.99,65.0,12.75,40.0,1601221018.0
-21.36,55.77,saint-philippe,re,71.6,68.0,11.41,89.0,1601221288.0
-15.2,12.15,namibe,ao,66.56,77.0,7.18,30.0,1601221288.0
56.91,118.26,chara,ru,38.98,75.0,2.42,100.0,1601221289.0
-18.17,49.38,toamasina,mg,75.2,94.0,9.17,75.0,1601221289.0
70.37,31.11,vardo,no,44.6,56.0,2.24,0.0,1601221289.0
65.61,-37.64,tasiilaq,gl,39.2,80.0,5.82,89.0,1601221290.0
-3.43,10.66,mayumba,ga,76.19,78.0,10.13,77.0,1601221290.0
-37.62,-73.65,lebu,cl,53.98,71.0,10.42,0.0,1601221290.0
-21.21,-159.78,avarua,ck,69.8,83.0,6.93,86.0,1601221291.0
12.45,125.29,anito,ph,79.47,86.0,4.83,0.0,1601221291.0
51.18,71.45,astana,kz,44.6,65.0,2.24,27.0,1601221212.0
38.52,-28.7,ribeira grande,pt,73.4,83.0,4.7,20.0,1601221292.0
-25.3,152.85,hervey bay,au,57.0,73.0,3.0,0.0,1601221292.0
-33.04,-71.63,valparaiso,cl,59.0,62.0,5.82,0.0,1601221067.0
52.14,-10.27,dingle,ie,62.6,77.0,5.82,75.0,1601221293.0
39.01,-77.43,sterling,us,73.99,73.0,3.8,75.0,1601221035.0
42.27,118.96,chifeng,cn,59.67,64.0,7.74,1.0,1601221293.0
-20.67,-40.5,guarapari,br,89.6,46.0,13.87,0.0,1601221294.0
50.95,30.88,oster,ua,62.6,100.0,6.71,20.0,1601221294.0
43.56,7.13,antibes,fr,66.0,59.0,8.05,20.0,1601221144.0
15.82,79.98,addanki,in,79.74,82.0,4.63,80.0,1601221294.0
24.69,46.72,riyadh,sa,98.6,13.0,6.93,0.0,1601220995.0
-9.93,35.33,mahanje,tz,77.54,45.0,6.58,64.0,1601221295.0
24.09,32.91,aswan,eg,93.51,15.0,5.61,0.0,1601221295.0
78.22,15.64,longyearbyen,sj,33.8,80.0,4.7,90.0,1601221295.0
14.67,-4.0,mopti,ml,93.2,52.0,16.11,20.0,1601221296.0
-8.47,140.33,merauke,id,78.13,78.0,14.34,91.0,1601221296.0
68.05,39.51,ostrovnoy,ru,41.41,77.0,5.57,60.0,1601221296.0
-11.78,19.92,luena,ao,86.74,21.0,2.33,82.0,1601221297.0
-4.88,-66.9,carauari,br,97.99,39.0,1.99,40.0,1601221041.0
52.48,1.75,lowestoft,gb,54.0,97.0,15.01,100.0,1601221087.0
66.15,-65.71,pangnirtung,ca,31.78,89.0,1.74,81.0,1601221298.0
59.58,151.28,ola,ru,41.94,92.0,7.36,22.0,1601221298.0
50.68,156.12,severo-kurilsk,ru,47.88,84.0,19.77,100.0,1601221298.0
59.7,30.79,nikolskoye,ru,66.0,63.0,6.71,0.0,1601221298.0
56.85,124.91,chulman,ru,37.87,91.0,6.49,93.0,1601221299.0
-30.32,149.78,narrabri,au,46.99,65.0,5.82,0.0,1601221299.0
-32.03,-52.1,rio grande,br,66.99,91.0,7.0,100.0,1601221271.0
51.66,-3.45,rhondda,gb,62.6,51.0,14.99,2.0,1601221300.0
-43.25,-65.31,trelew,ar,64.2,28.0,8.84,0.0,1601221300.0
69.49,88.4,talnakh,ru,37.4,93.0,6.71,75.0,1601221300.0
-28.77,114.6,geraldton,au,53.6,81.0,6.93,75.0,1601221301.0
-24.87,113.63,carnarvon,au,68.0,64.0,17.22,0.0,1601221301.0
70.86,29.09,berlevag,no,41.0,56.0,5.82,0.0,1601221301.0
3.9,-51.8,saint-georges,gf,89.6,55.0,8.05,40.0,1601221302.0
-15.86,-38.88,belmonte,br,82.4,58.0,16.11,40.0,1601221302.0
-33.23,-54.38,treinta y tres,uy,72.63,82.0,6.76,94.0,1601221302.0
-16.07,-57.68,caceres,br,105.55,22.0,7.85,1.0,1601221303.0
-33.13,148.18,parkes,au,42.01,83.0,3.91,0.0,1601221303.0
32.87,59.22,birjand,ir,77.0,11.0,11.41,20.0,1601221303.0
-22.13,48.02,manakara,mg,71.51,84.0,11.45,22.0,1601221304.0
30.8,-81.69,kingsland,us,82.99,84.0,5.99,100.0,1601221206.0
-22.96,14.51,walvis bay,na,68.0,42.0,25.28,0.0,1601221304.0
51.46,12.63,eilenburg,de,57.99,72.0,4.0,90.0,1601221304.0
28.66,-17.92,los llanos de aridane,es,78.8,54.0,17.22,20.0,1601221305.0
-5.23,-75.68,lagunas,pe,93.92,42.0,4.03,0.0,1601221305.0
-5.2,-35.46,touros,br,87.8,55.0,14.99,40.0,1601221305.0
-17.71,-39.25,caravelas,br,82.54,54.0,10.07,0.0,1601221306.0
57.72,10.58,skagen,dk,61.0,86.0,18.99,71.0,1601221306.0
8.9,40.78,bedesa,et,67.66,62.0,1.66,44.0,1601221306.0
1.1,36.7,maralal,ke,68.74,50.0,12.21,53.0,1601221307.0
62.16,-7.17,vestmanna,fo,48.2,81.0,19.46,100.0,1601221307.0
58.38,97.45,boguchany,ru,39.85,91.0,5.73,68.0,1601221307.0
-15.62,30.42,luangwa,zm,94.5,13.0,5.23,61.0,1601221308.0
35.03,10.91,jabinyanah,tn,86.0,27.0,17.22,40.0,1601221308.0
-20.74,116.85,karratha,au,69.51,52.0,14.29,0.0,1601221308.0
39.6,-9.07,nazare,pt,71.01,100.0,8.99,0.0,1601221308.0
28.71,-100.5,eagle pass,us,81.0,83.0,9.17,75.0,1601221309.0
49.5,-56.06,springdale,ca,63.0,74.0,1.99,100.0,1601221309.0
-3.32,17.37,bandundu,cd,88.21,53.0,2.86,72.0,1601221309.0
38.4,33.41,eskil,tr,78.12,29.0,10.8,0.0,1601221310.0
54.54,17.75,lebork,pl,66.99,88.0,5.82,75.0,1601221310.0
41.86,123.92,fushun,cn,60.8,82.0,6.71,0.0,1601221310.0
-11.1,-77.61,hualmay,pe,67.14,67.0,9.1,13.0,1601221311.0
-4.78,38.28,lushoto,tz,62.53,87.0,2.53,88.0,1601221311.0
34.98,139.87,tateyama,jp,66.99,93.0,3.0,1.0,1601221312.0
25.02,37.27,umm lajj,sa,86.31,62.0,8.77,0.0,1601221312.0
4.93,-52.33,cayenne,gf,91.4,52.0,8.05,40.0,1601221312.0
-28.87,28.05,hlotse,ls,55.74,27.0,10.07,0.0,1601221312.0
-0.16,-50.39,afua,br,91.22,50.0,6.17,7.0,1601221313.0
-20.65,166.53,fayaoue,nc,74.73,86.0,11.9,70.0,1601221313.0
-9.01,-35.22,maragogi,br,80.33,76.0,10.49,88.0,1601221030.0
-12.96,28.64,ndola,zm,80.71,16.0,2.55,68.0,1601221314.0
-14.78,24.8,kaoma,zm,90.77,12.0,3.22,65.0,1601221314.0
67.47,78.7,tazovskiy,ru,43.2,85.0,23.15,100.0,1601221314.0
38.24,16.26,locri,it,77.0,50.0,19.46,20.0,1601221315.0
-0.53,37.45,embu,ke,74.77,48.0,4.74,87.0,1601221315.0
64.5,-165.41,nome,us,37.4,69.0,17.22,75.0,1601221315.0
39.51,54.37,balkanabat,tm,70.16,21.0,10.31,93.0,1601221315.0
35.83,14.47,zurrieq,mt,77.0,65.0,21.92,40.0,1601221316.0
50.92,128.46,belogorsk,ru,48.4,86.0,8.05,1.0,1601221316.0
33.34,44.4,baghdad,iq,95.0,24.0,12.75,0.0,1601221134.0
-30.86,30.37,margate,za,59.74,72.0,9.62,98.0,1601221317.0
-38.65,178.0,gisborne,nz,57.0,62.0,11.01,0.0,1601221317.0
46.8,0.53,chatellerault,fr,51.8,81.0,14.99,90.0,1601221317.0
72.79,-56.15,upernavik,gl,28.67,92.0,8.97,80.0,1601221318.0
3.3,117.63,tarakan,id,82.72,79.0,7.92,40.0,1601221318.0
-23.65,-70.4,antofagasta,cl,59.0,67.0,13.87,75.0,1601221318.0
-42.52,172.82,hanmer springs,nz,35.8,83.0,11.7,18.0,1601221318.0
-5.67,132.75,tual,id,80.89,83.0,15.59,97.0,1601221319.0
-38.33,141.6,portland,au,41.23,80.0,5.17,0.0,1601221319.0
21.35,-158.09,makakilo city,us,77.0,73.0,3.36,1.0,1601221294.0
10.26,-85.59,santa cruz,cr,82.4,83.0,3.36,94.0,1601221320.0
53.96,81.21,krutikha,ru,46.15,70.0,1.23,70.0,1601221320.0
55.71,10.02,juelsminde,dk,68.0,88.0,18.34,27.0,1601221320.0
-31.95,141.43,broken hill,au,50.0,61.0,8.05,43.0,1601221320.0
34.67,138.95,shimoda,jp,61.0,90.0,4.21,0.0,1601221321.0
43.32,145.57,nemuro,jp,57.11,81.0,21.68,11.0,1601221321.0
-15.53,167.17,luganville,vu,73.4,94.0,8.68,75.0,1601221321.0
-6.09,-35.21,nisia floresta,br,87.8,52.0,19.46,20.0,1601221322.0
61.99,5.14,raudeberg,no,55.99,78.0,3.83,0.0,1601221322.0
-35.72,150.18,batemans bay,au,42.01,91.0,3.74,18.0,1601221322.0
-17.65,-62.75,pailon,bo,87.8,62.0,19.46,40.0,1601221323.0
27.32,103.72,zhaotong,cn,55.45,93.0,5.12,100.0,1601221323.0
68.75,161.3,cherskiy,ru,36.3,80.0,17.85,100.0,1601221323.0
27.98,-114.06,guerrero negro,mx,73.22,69.0,8.72,0.0,1601221324.0
18.4,-77.1,ocho rios,jm,86.0,77.0,8.01,22.0,1601221324.0
58.69,99.18,kodinsk,ru,40.5,92.0,5.57,100.0,1601221324.0
51.41,86.0,chemal,ru,36.72,82.0,0.6,27.0,1601221325.0
-7.93,-14.42,georgetown,sh,73.9,76.0,16.15,64.0,1601221325.0
5.35,48.53,hobyo,so,76.6,86.0,18.7,100.0,1601221325.0
-5.81,-61.3,manicore,br,97.18,38.0,0.72,99.0,1601221326.0
0.7,108.9,sungairaya,id,78.37,81.0,3.56,100.0,1601221326.0
57.98,53.01,balezino,ru,49.89,82.0,5.12,1.0,1601221326.0
40.6,-124.16,fortuna,us,57.2,100.0,6.93,1.0,1601221327.0
24.8,125.28,hirara,jp,77.18,78.0,9.64,100.0,1601221327.0
5.03,25.14,zemio,cf,75.92,89.0,2.77,99.0,1601221327.0
-16.7,-151.02,fare,pf,78.71,79.0,15.73,7.0,1601221327.0
43.13,-115.69,mountain home,us,48.2,87.0,6.93,1.0,1601221328.0
29.97,40.21,sakakah,sa,93.2,15.0,4.7,0.0,1601221328.0
4.8,119.85,manuk mangkaw,ph,84.56,70.0,7.43,77.0,1601221328.0
65.42,-52.9,maniitsoq,gl,36.41,80.0,8.7,13.0,1601221329.0
-27.83,25.91,hoopstad,za,61.38,25.0,7.94,0.0,1601221329.0
60.38,92.63,teya,ru,36.61,89.0,4.68,58.0,1601221329.0
50.3,87.73,aktash,ru,24.03,88.0,3.24,90.0,1601221330.0
31.46,131.23,kushima,jp,66.0,88.0,3.0,7.0,1601221330.0
38.42,77.24,shache,cn,61.25,31.0,7.9,17.0,1601221330.0
32.79,119.43,gaoyou,cn,65.84,80.0,6.96,96.0,1601221330.0
59.64,-151.55,homer,us,48.2,70.0,19.46,90.0,1601221331.0
43.55,-96.7,sioux falls,us,59.0,50.0,10.29,40.0,1601221257.0
-0.88,131.25,sorong,id,78.44,85.0,9.1,86.0,1601221331.0
-4.22,35.75,babati,tz,76.17,45.0,4.14,97.0,1601221332.0
37.23,28.36,mugla,tr,80.6,44.0,11.41,20.0,1601221332.0
37.47,49.46,bandar-e anzali,ir,73.4,73.0,7.9,75.0,1601221332.0
9.08,-79.28,pacora,pa,86.0,70.0,3.36,40.0,1601221332.0
-4.94,122.53,katobu,id,73.94,88.0,3.69,63.0,1601221333.0
66.77,123.37,zhigansk,ru,41.58,86.0,5.26,96.0,1601221333.0
-16.25,-47.95,luziania,br,91.0,24.0,5.82,40.0,1601221307.0
63.9,122.76,kysyl-syr,ru,43.2,86.0,5.91,100.0,1601221334.0
-2.57,150.8,kavieng,pg,82.17,79.0,10.04,63.0,1601221334.0
-31.43,152.92,port macquarie,au,50.0,77.0,7.4,85.0,1601221334.0
28.57,-81.59,winter garden,us,91.0,77.0,4.45,66.0,1601221247.0
63.75,-68.51,iqaluit,ca,30.2,74.0,6.93,75.0,1601221335.0
-35.35,150.47,ulladulla,au,44.6,87.0,5.82,40.0,1601221335.0
37.57,126.98,seoul,kr,64.4,77.0,2.42,1.0,1601221336.0
18.74,7.39,arlit,ne,100.63,13.0,5.28,66.0,1601221336.0
24.48,118.08,xiamen,cn,73.4,78.0,2.24,90.0,1601221336.0
-2.42,115.25,amuntai,id,73.54,93.0,0.38,94.0,1601221337.0
20.2,1.01,tessalit,ml,103.19,7.0,7.29,0.0,1601221337.0
50.76,59.54,dombarovskiy,ru,52.0,46.0,5.01,0.0,1601221337.0
29.7,107.39,fuling,cn,64.54,83.0,2.8,100.0,1601221338.0
28.7,-100.52,piedras negras,mx,82.99,83.0,9.17,75.0,1601221338.0
-21.37,55.62,saint-joseph,re,71.6,68.0,11.41,79.0,1601221338.0
70.02,135.6,ust-kuyga,ru,32.72,95.0,3.65,21.0,1601221339.0
53.57,142.95,okha,ru,45.23,87.0,11.68,1.0,1601221339.0
-13.13,39.0,montepuez,mz,80.71,48.0,7.43,100.0,1601221339.0
-15.7,-63.08,ascension,bo,98.96,29.0,7.43,19.0,1601221340.0
-25.53,152.7,maryborough,au,57.0,73.0,3.0,0.0,1601221340.0
44.37,-100.35,pierre,us,61.0,38.0,24.16,1.0,1601221340.0
37.72,-25.43,vila franca do campo,pt,71.6,88.0,9.17,75.0,1601221341.0
-38.95,-68.06,neuquen,ar,62.6,36.0,5.82,0.0,1601221341.0
-0.61,-47.36,salinopolis,br,84.52,68.0,13.58,70.0,1601221342.0
19.65,-90.67,seybaplaya,mx,80.6,100.0,6.93,40.0,1601221342.0
62.91,6.91,bud,no,57.2,67.0,5.82,0.0,1601221342.0
26.73,86.5,lahan,np,78.37,87.0,3.96,2.0,1601221343.0
50.1,-91.92,sioux lookout,ca,53.6,93.0,5.82,75.0,1601221100.0
-21.35,165.15,poya,nc,71.47,86.0,6.91,63.0,1601221343.0
51.23,-58.65,saint-augustin,ca,65.79,67.0,15.68,98.0,1601221343.0
47.25,47.03,yenotayevka,ru,58.15,45.0,14.9,0.0,1601221344.0
54.05,-128.65,kitimat,ca,46.4,93.0,12.75,90.0,1601221183.0
-22.47,-68.93,calama,cl,68.0,11.0,11.41,0.0,1601221344.0
-23.7,133.88,alice springs,au,68.0,18.0,6.93,0.0,1601221345.0
-14.66,17.69,menongue,ao,93.06,11.0,2.15,36.0,1601221345.0
-19.55,169.27,isangel,vu,71.6,94.0,5.64,20.0,1601221345.0
36.3,59.61,mashhad,ir,68.0,24.0,6.93,0.0,1601221346.0
-7.57,24.18,kaniama,cd,78.69,66.0,2.21,76.0,1601221346.0
35.73,140.83,hasaki,jp,64.4,100.0,2.24,40.0,1601221346.0
-19.53,-54.04,camapua,br,101.71,20.0,14.12,0.0,1601221346.0
4.38,-7.72,harper,lr,79.9,79.0,10.47,31.0,1601221347.0
-28.55,16.43,oranjemund,na,57.9,66.0,14.5,0.0,1601221347.0
25.21,50.81,umm bab,qa,95.0,50.0,9.17,1.0,1601221347.0
32.69,128.84,fukue,jp,70.3,75.0,27.31,0.0,1601221348.0
66.04,-17.34,husavik,is,44.6,93.0,6.93,90.0,1601221348.0
71.04,27.85,mehamn,no,39.2,69.0,6.93,1.0,1601221348.0
62.11,10.63,alvdal,no,44.6,100.0,6.93,75.0,1601221348.0
42.54,129.0,helong,cn,52.11,80.0,4.61,0.0,1601221349.0
49.02,-122.8,white rock,ca,54.0,99.0,4.23,82.0,1601221349.0
50.41,136.88,khurba,ru,47.16,87.0,5.57,1.0,1601221349.0
-16.98,-67.22,quime,bo,62.44,42.0,7.96,20.0,1601221098.0
39.23,106.34,shitanjing,cn,60.03,67.0,14.67,89.0,1601221350.0
32.52,-92.15,west monroe,us,78.01,83.0,4.7,20.0,1601221349.0
-3.67,152.43,namatanai,pg,79.52,81.0,3.87,99.0,1601221350.0
-7.33,-75.02,contamana,pe,94.42,40.0,5.91,0.0,1601221351.0
-21.34,55.48,saint-pierre,re,71.6,68.0,11.41,68.0,1601221351.0
55.22,-119.44,beaverlodge,ca,41.0,75.0,4.7,40.0,1601221073.0
11.11,7.72,zaria,ng,83.35,60.0,4.97,47.0,1601221351.0
35.84,14.54,marsaxlokk,mt,77.0,65.0,21.92,40.0,1601221352.0
-41.15,-71.31,san carlos de bariloche,ar,48.2,49.0,13.87,15.0,1601221352.0
69.3,139.9,deputatskiy,ru,37.71,96.0,3.22,100.0,1601221353.0
38.7,-9.42,cascais,pt,70.0,60.0,27.51,20.0,1601221115.0
-20.21,57.76,quatre cocos,mu,73.99,83.0,11.41,75.0,1601221353.0
-18.67,-43.08,sabinopolis,br,94.01,26.0,2.19,0.0,1601221353.0
-0.87,134.08,manokwari,id,78.93,75.0,3.8,37.0,1601221151.0
47.38,-61.86,cap-aux-meules,ca,64.4,77.0,21.92,75.0,1601221354.0
-11.7,43.26,moroni,km,76.66,72.0,3.8,19.0,1601221354.0
18.47,120.58,davila,ph,80.6,94.0,3.36,75.0,1601221354.0
-0.72,8.78,port-gentil,ga,82.4,65.0,14.99,75.0,1601221355.0
44.03,-64.72,liverpool,ca,75.99,71.0,1.99,0.0,1601221355.0
33.36,129.55,hirado,jp,69.01,35.0,5.01,2.0,1601221355.0
-22.67,167.48,vao,nc,71.98,88.0,12.08,99.0,1601221356.0
-15.12,39.27,nampula,mz,89.6,29.0,11.41,20.0,1601221356.0
34.62,71.97,bat khela,pk,73.18,47.0,6.33,2.0,1601221356.0
57.4,63.77,baykalovo,ru,50.47,90.0,5.64,0.0,1601221356.0
18.28,-70.33,bani,do,89.6,66.0,6.93,20.0,1601221252.0
36.29,-76.25,elizabeth city,us,75.2,78.0,3.36,75.0,1601221357.0
59.51,15.99,koping,se,57.0,87.0,16.11,44.0,1601221357.0
12.6,79.77,uttiramerur,in,82.4,83.0,1.43,75.0,1601221083.0
69.22,-51.1,ilulissat,gl,33.8,69.0,10.29,91.0,1601221358.0
27.04,14.43,sabha,ly,99.23,9.0,4.27,0.0,1601221358.0
-9.08,143.21,daru,pg,78.26,86.0,15.97,100.0,1601221358.0
60.72,-135.05,whitehorse,ca,42.8,70.0,11.41,90.0,1601221359.0
54.32,-130.32,prince rupert,ca,51.8,81.0,23.04,90.0,1601221359.0
2.04,45.34,mogadishu,so,78.1,81.0,12.59,53.0,1601221359.0
64.84,-147.72,fairbanks,us,37.99,93.0,8.05,1.0,1601221360.0
-19.38,47.42,ambatolampy,mg,69.8,60.0,17.22,20.0,1601221360.0
-30.74,30.45,port shepstone,za,59.13,76.0,10.18,99.0,1601221360.0
23.57,70.63,rapar,in,85.42,59.0,4.32,23.0,1601221360.0
35.29,-2.94,melilla,es,78.8,57.0,13.87,6.0,1601221238.0
2.52,101.8,port dickson,my,78.8,88.0,6.98,20.0,1601221361.0
10.48,16.71,bousso,td,82.2,75.0,5.3,81.0,1601221361.0
45.18,-89.68,merrill,us,57.2,93.0,4.7,40.0,1601221361.0
-35.66,-63.76,general pico,ar,67.19,50.0,13.94,72.0,1601221362.0
-26.65,15.16,luderitz,na,59.34,56.0,26.44,0.0,1601221362.0
-2.59,-51.95,senador jose porfirio,br,90.91,47.0,2.26,48.0,1601221363.0
68.82,-51.19,qasigiannguit,gl,33.8,69.0,10.29,88.0,1601221363.0
15.3,120.65,san vicente,ph,80.6,78.0,11.41,90.0,1601221363.0
-2.08,101.38,sungaipenuh,id,66.07,86.0,1.5,100.0,1601221363.0
-16.48,-151.75,faanui,pf,78.64,78.0,14.81,26.0,1601221364.0
48.6,133.82,smidovich,ru,49.96,83.0,6.55,22.0,1601221364.0
-8.9,-35.15,sao jose da coroa grande,br,80.76,74.0,10.69,80.0,1601221364.0
54.37,81.9,ordynskoye,ru,44.6,78.0,1.25,75.0,1601221365.0
20.89,-156.47,kahului,us,77.0,65.0,6.93,1.0,1601221365.0
27.27,31.15,abnub,eg,89.89,12.0,5.35,8.0,1601221365.0
60.14,-45.24,nanortalik,gl,39.15,72.0,12.15,0.0,1601221365.0
59.57,150.8,magadan,ru,42.49,92.0,7.29,52.0,1601221366.0
-5.82,13.45,matadi,cd,83.19,53.0,8.86,87.0,1601221366.0
-14.22,-42.78,guanambi,br,94.95,16.0,9.44,0.0,1601221366.0
29.37,-94.97,galveston,us,86.0,66.0,10.29,1.0,1601221367.0
9.47,12.03,numan,ng,83.5,72.0,6.64,41.0,1601221367.0
32.93,12.08,zuwarah,ly,84.45,42.0,10.09,1.0,1601221367.0
5.38,-52.95,sinnamary,gf,87.03,61.0,12.8,62.0,1601221367.0
-19.98,57.61,cap malheureux,mu,73.99,72.0,8.99,10.0,1601221368.0
43.97,-91.77,winona,us,59.0,72.0,5.82,1.0,1601221220.0
24.03,-74.52,cockburn town,bs,83.08,64.0,7.14,24.0,1601221369.0
-17.74,-46.17,joao pinheiro,br,96.1,15.0,4.45,0.0,1601221369.0
-20.93,165.33,poindimie,nc,72.81,86.0,6.82,25.0,1601221369.0
66.83,70.83,yar-sale,ru,41.58,73.0,18.07,48.0,1601221369.0
2.78,45.5,jawhar,so,78.51,69.0,17.56,56.0,1601221370.0
52.15,93.92,turan,ru,34.02,86.0,2.64,7.0,1601221370.0
58.81,-122.7,fort nelson,ca,39.2,100.0,4.7,40.0,1601221370.0
-17.53,-149.33,tiarei,pf,75.2,78.0,4.7,20.0,1601221371.0
-5.15,-79.0,san ignacio,pe,82.65,46.0,1.07,5.0,1601221371.0
51.84,39.94,verkhnyaya khava,ru,66.2,20.0,13.42,0.0,1601221371.0
62.63,17.94,harnosand,se,53.01,87.0,3.36,100.0,1601221372.0
26.06,119.31,fuzhou,cn,68.0,88.0,6.71,90.0,1601221188.0
1.29,103.85,singapore,sg,82.4,78.0,6.93,75.0,1601221266.0
52.52,99.83,orlik,ru,32.79,87.0,1.88,90.0,1601221373.0
-8.19,15.38,camabatela,ao,76.3,59.0,4.72,63.0,1601221373.0
24.47,54.37,abu dhabi,ae,91.4,75.0,8.05,0.0,1601221223.0
-34.48,-54.33,rocha,uy,67.12,89.0,8.08,100.0,1601221373.0
39.3,9.2,sinnai,it,68.0,49.0,18.34,40.0,1601221374.0
65.97,78.37,urengoy,ru,51.3,85.0,20.76,88.0,1601221374.0
-33.59,-71.62,san antonio,cl,59.0,67.0,9.17,0.0,1601221375.0
-28.45,21.26,upington,za,64.4,17.0,11.41,0.0,1601221375.0
50.68,36.55,severnyy,ru,69.8,28.0,13.42,100.0,1601221375.0
65.7,82.47,krasnoselkup,ru,50.2,93.0,20.51,100.0,1601221376.0
26.18,127.76,nishihara,jp,78.8,83.0,6.4,90.0,1601221376.0
-5.22,145.8,madang,pg,77.59,88.0,3.0,54.0,1601221376.0
28.41,-80.6,cape canaveral,us,88.0,66.0,6.93,1.0,1601221376.0
19.75,10.25,agadez,ne,99.82,9.0,5.93,100.0,1601221377.0
-4.58,-81.27,talara,pe,71.6,68.0,25.28,0.0,1601221213.0
59.33,54.32,yurla,ru,48.09,91.0,4.16,0.0,1601221377.0
22.24,68.97,dwarka,in,82.18,71.0,9.31,40.0,1601221378.0
34.08,119.72,yunhe,cn,62.92,86.0,4.41,7.0,1601221378.0
-3.74,-38.65,caucaia,br,86.0,55.0,17.22,20.0,1601221378.0
34.64,-120.46,lompoc,us,62.6,93.0,3.36,90.0,1601221379.0
-45.42,167.72,te anau,nz,33.1,91.0,7.49,73.0,1601221379.0
-16.35,-53.76,guiratinga,br,99.12,21.0,8.55,6.0,1601221379.0
12.78,45.04,aden,ye,86.63,78.0,13.71,0.0,1601221380.0
-6.4,-48.55,sao geraldo do araguaia,br,98.04,31.0,6.17,17.0,1601221104.0
27.9,102.26,xichang,cn,66.45,75.0,1.41,94.0,1601221380.0
-14.27,50.17,sambava,mg,73.33,84.0,7.54,7.0,1601221381.0
2.15,27.99,wamba,cd,70.36,95.0,3.87,100.0,1601221381.0
16.78,101.24,lom sak,th,77.72,86.0,0.67,100.0,1601221382.0
-9.77,37.93,liwale,tz,79.9,53.0,9.01,45.0,1601221382.0
52.66,90.09,abaza,ru,34.66,89.0,0.94,7.0,1601221382.0
59.45,112.56,vitim,ru,43.54,67.0,8.43,53.0,1601221382.0
-41.87,-73.82,ancud,cl,57.99,65.0,3.0,68.0,1601221383.0
25.21,64.64,ormara,pk,83.3,78.0,13.58,0.0,1601221383.0
-37.83,147.62,bairnsdale,au,39.0,85.0,5.79,0.0,1601221132.0
12.63,80.17,mamallapuram,in,82.4,83.0,4.45,75.0,1601221384.0
-20.32,118.57,port hedland,au,71.6,78.0,9.17,0.0,1601221384.0
18.9,-3.53,araouane,ml,104.29,8.0,3.74,16.0,1601221384.0
50.7,-127.42,port hardy,ca,50.0,93.0,19.46,90.0,1601221384.0
58.61,5.65,varhaug,no,64.0,72.0,4.7,73.0,1601221385.0
13.22,80.32,kattivakkam,in,82.4,83.0,4.41,75.0,1601221385.0
6.4,-58.62,bartica,gy,87.8,70.0,4.7,40.0,1601221385.0
60.47,166.1,tilichiki,ru,33.64,92.0,0.87,0.0,1601221385.0
-28.15,-54.74,cerro largo,br,82.0,69.0,12.75,100.0,1601221386.0
-37.83,140.77,mount gambier,au,39.2,93.0,4.88,0.0,1601221386.0
39.99,-6.54,coria,es,77.0,42.0,8.99,1.0,1601221387.0
-24.09,25.03,letlhakeng,bw,79.03,13.0,9.86,0.0,1601221387.0
-28.32,153.4,murwillumbah,au,59.0,58.0,8.05,57.0,1601221387.0
55.1,-105.28,la ronge,ca,44.6,75.0,11.41,75.0,1601221387.0
-16.92,145.77,cairns,au,71.6,83.0,5.82,40.0,1601221388.0
37.2,-94.35,jasper,us,75.99,64.0,16.11,40.0,1601221177.0
46.72,-92.1,superior,us,61.0,67.0,17.22,1.0,1601221388.0
-23.13,150.73,yeppoon,au,64.4,77.0,5.82,16.0,1601221388.0
48.82,11.85,abensberg,de,61.0,44.0,4.7,40.0,1601221389.0
-45.58,-72.07,coihaique,cl,53.6,50.0,9.17,40.0,1601221389.0
53.05,158.65,petropavlovsk-kamchatskiy,ru,37.4,79.0,6.71,75.0,1601221389.0
65.99,57.53,usinsk,ru,42.37,80.0,9.35,50.0,1601221390.0
40.28,97.2,yumen,cn,55.36,32.0,8.97,100.0,1601221390.0
-22.45,18.97,gobabis,na,81.18,11.0,21.18,0.0,1601221390.0
-15.6,34.52,mwanza,mw,87.84,19.0,3.96,52.0,1601221390.0
58.01,46.32,syava,ru,51.12,72.0,4.59,73.0,1601221391.0
38.3,-77.46,fredericksburg,us,73.99,83.0,2.84,84.0,1601221219.0
56.45,138.17,ayan,ru,50.88,92.0,4.59,46.0,1601221391.0
37.89,58.52,annau,tm,69.8,24.0,4.7,20.0,1601221392.0
-8.93,36.13,malinyi,tz,86.4,40.0,4.56,56.0,1601221392.0
66.94,-53.67,sisimiut,gl,35.6,83.0,11.7,99.0,1601221392.0
-11.38,43.28,mitsamiouli,km,77.05,76.0,14.72,3.0,1601221393.0
47.55,47.0,sasykoli,ru,57.24,37.0,13.69,0.0,1601221393.0
44.33,-80.11,creemore,ca,73.4,64.0,12.75,20.0,1601221393.0
-2.67,141.3,vanimo,pg,78.62,83.0,3.76,38.0,1601221393.0
-26.58,148.78,roma,au,50.7,48.0,8.52,0.0,1601221394.0
1.44,31.34,hoima,ug,69.57,91.0,4.12,38.0,1601221394.0
1.74,98.78,sibolga,id,77.34,72.0,1.54,100.0,1601221394.0
-12.49,130.98,palmerston,au,78.8,83.0,4.7,44.0,1601221395.0
26.56,54.88,bandar-e lengeh,ir,91.4,66.0,9.17,0.0,1601221395.0
-10.68,35.65,songea,tz,77.0,44.0,13.87,5.0,1601221396.0
